Country,State Name,State Abbreviation,County or City Name,Primary Name,Other Names,Name/Location Notes,,Latitude,Longitude,Location Source,Location Source Class,Founding Date,DateClass,Source,Founder(s) Name(s),Source for founders,Does it still exist?,"If No, when did it dissolve?",Is the town incorporated or unincorporated? ,Exist Source,Historic Themes,Hx_Code,indigenous_ppls,Source for Historical Themes,Other Unique History ,Other unique history source? ,Other_notes
USA,Alabama,AL,,Africatown,,,,30.7357458,-88.05873859,https://en.wikipedia.org/wiki/List_of_freedmen%27s_towns,Wikipedia,1872,2,https://aaregistry.org/story/africatown-alabama-founded/,Cudjo Kazoola Lewis,https://aaregistry.org/story/africatown-alabama-founded/,Yes,,,,,,,,,,
USA,Alabama,AL,,Hobson City,Mooree Quarters,,,33.611858,-85.8640157,https://en.wikipedia.org/wiki/List_of_freedmen%27s_towns,Wikipedia,1899,2,http://www.townofhobsoncity.com/history/,,,Yes,,Incorporated (2020 Census),,,,,,,,
USA,Alabama,AL,,Blackville,,southern Jackson County,,34.66286104,-86.03107887,https://www.arkansasonline.com/news/2007/aug/05/blackville-founded-former-slave-20070805/,,1891,2,https://www.arkansasonline.com/news/2007/aug/05/blackville-founded-former-slave-20070805/,Pickens Black,https://www.arkansasonline.com/news/2007/aug/05/blackville-founded-former-slave-20070805/,Yes,,,,,,,,,,
USA,Alaska,AK,,Dempsey,,present day Old Valdez,,61.12598432,-146.2846961,https://alaskahistoricalsociety.org/honoring-melvin-dempsey-part-i/,,1898,2,https://alaskahistoricalsociety.org/honoring-melvin-dempsey-part-i/,Melvin Dempsy,https://alaskahistoricalsociety.org/honoring-melvin-dempsey-part-i/,Yes,,Incorporated (2020 Census),,,,,,,,
USA,Arizona,AZ,,Randolph,,,,32.91639316,-111.5146737,https://en.wikipedia.org/wiki/List_of_freedmen%27s_towns,Wikipedia,1920s,2,,Epes Randolph,,Yes,,Incorporated (2020 Census),,Railroad,7,,,"The community was named after Epes Randolph, a vice-president and general manager of the Southern Pacific Railroad, who founded the town in the early 1920s. Randolph wanted to establish a successful city near Casa Grande. On July 18, 1925, the Randolph Post Office opened, with Channing E. Babbitt as its postmaster. With the increased need for agricultural workers which arose in the late 1920s, hundreds of farm workers migrated to the area in the 1930s. Many of those who settled in Randolph were black migrants from Oklahoma. This influx created a community which was predominantly black. The post office closed in 1983.","https://kids.kiddle.co/Randolph,_Arizona",Images: https://azmemory.azlibrary.gov/digital/collection/histphotos/id/34619/
USA,Arizona,AZ,,Mobile,Sonoran Valley,"a community in the southern planning area of Goodyear, Maricopa County,",,33.05454432,-112.2719586,https://en.wikipedia.org/wiki/List_of_freedmen%27s_towns,Wikipedia,1930s,2,"https://en.wikipedia.org/wiki/Mobile,_Arizona",,,Yes,,Incorporated (2020 Census),,Railroad,7,,,,,
USA,Arkansas,AR,,Immanuel,,,,34.40211888,-91.32322274,https://books.google.com/books?id=J2ysBwAAQBAJ&pg=PT286&lpg=PT286&dq=rhodes+creek+idaho%2Bslaves&source=bl&ots=c40gB9O8Gt&sig=ACfU3U3QFIOk7kVlowZkumclJys-Z7iFRA&hl=en&sa=X&ved=2ahUKEwjFz-qv46T0AhU1pnIEHRD6BHoQ6AF6BAg0EAM#v=twopage&q&f=false,,1875,2,https://books.google.com/books?id=J2ysBwAAQBAJ&pg=PT286&lpg=PT286&dq=rhodes+creek+idaho%2Bslaves&source=bl&ots=c40gB9O8Gt&sig=ACfU3U3QFIOk7kVlowZkumclJys-Z7iFRA&hl=en&sa=X&ved=2ahUKEwjFz-qv46T0AhU1pnIEHRD6BHoQ6AF6BAg0EAM#v=twopage&q&f=false,unk ,,Yes,,Incorporated (2020 Census),,,,,,,,
USA,Arkansas,AR,,Edmondson,,,,35.10784184,-90.30941156,https://scholarworks.uark.edu/etd/3702/,,1902,2,https://scholarworks.uark.edu/etd/3702//,,,Yes,,Incorporated (2020 Census),,,,,,,,
USA,Arkansas,AR,,Menifee,,,,35.14680704,-92.55170943,https://www.jstor.org/stable/24477529,,1873,2,https://encyclopediaofarkansas.net/entries/menifee-conway-county-6344/,,,Yes,,Incorporated (2020 Census),,,,,,"Founded by whites in 1820s, became importat to freedmen post civil war",,
USA,Arkansas,AR,,Blackville,,,,35.47981514,-91.16347345,https://www.soulofamerica.com/black-towns/arkansas/,Soul of America,1891,2,,Pickens Black ,https://www.google.com/url?sa=t&rct=j&q=&esrc=s&source=web&cd=&cad=rja&uact=8&ved=2ahUKEwiBjrn2peH0AhVdgnIEHeFbB80QFnoECAQQAQ&url=https%3A%2F%2Fwww.arkansasonline.com%2Fnews%2F2007%2Faug%2F05%2Fblackville-founded-former-slave-20070805%2F&usg=AOvVaw1_A8nAO5tkzVVKxCnm3lRU,Yes,,,,,,,,,,
USA,Arkansas,AR,,Lakeview,,,,36.37254743,-92.54191919,https://www.soulofamerica.com/black-towns/arkansas/,Soul of America,1930s,2,,,,No,,Incorporated (2020 Census),,Mining Camp,6,,,Farm Security Administration Colony for African American families,,Mining Camp near folsom 
USA,California,CA,,Allensworth,,,,35.86279913,-119.3876311,https://en.wikipedia.org/wiki/List_of_freedmen%27s_towns,Wikipedia,1908,2,,,,Yes,,,,,,1,,Ties with the Crow people,,
USA,California,CA,,Negro Bar,Folsom,,,38.69586736,-121.1521499,https://www.sacbee.com/news/equity-lab/representation/article252308698.html,Sacramento Bee,1849,1,,,,No,1852,Incorporated (2020 Census),,Mining Camp,6,,,Mining Camp; defunct by 1852,,
USA,California,CA,,African Bar,,,,38.701015,-121.16304,https://www.slideshare.net/thomasatkinson1023/black-towns-done,"THomas Atkinson
",,9,,,,,,,,,,,,,,
USA,California,CA,,Kentucky Ridge,,,,38.72523625,-120.8013473,https://www.slideshare.net/thomasatkinson1023/black-towns-done,"THomas Atkinson
",1853,1,,,,,,Incorporated (2020 Census),,,,,,,,
USA,California,CA,,Beckworth,,,,39.85031556,-120.4253362,https://www.slideshare.net/thomasatkinson1023/black-towns-done,"THomas Atkinson
",1828,1,,,,,,,,,,,,,,
USA,California,CA,,Beulah,,,,"37.00993133809158, -122.02473275197562",-122.0247328,https://www.slideshare.net/thomasatkinson1023/black-towns-done,"THomas Atkinson
",1892,2,,,,,,,,,,,,,,
USA,Colorado,CO,,Dearfield,,,,40.29063372,-104.2593953,https://en.wikipedia.org/wiki/List_of_freedmen%27s_towns,Wikipedia,,9,,,,,,,,,,,,,,
USA,Delaware,DE,,Belltown,,,,38.74779153,-75.1773919,https://www.capegazette.com/article/belltown%E2%80%99s-history-dates-back-middle-1800s/5773,Cape Gazette,1840s,1,,,,,,,,,,,,,,
USA,Delaware,DE,,Star Hill,Camden,,,39.10279194,-75.53751858,"https://en.wikipedia.org/wiki/Star_Hill,_Delaware",Wikipedia,,9,,,,,,Incorporated (2020 Census),,Underground Railroad,4,,,Underground RR Connection,,
USA,Delaware,DE,,Charley Town,Townsend,,,39.39578734,-75.69176698,https://www.middletowntranscript.com/article/20081217/NEWS/312179989,Middletown Transcript,,9,,,,,,,,,,,,,,
,Delaware,DE,,Polktown,Fort Dupont,,,39.56463691,-75.58591609,http://www.colonialschooldistrict.org/blog/we-celebrate-polktown/,Colonial School District,1853,1,,,,,,Incorporated (2020 Census),,,,,,,,
USA,Florida,FL,,Freedtown,,,,28.2992133,-82.20408495,https://en.wikipedia.org/wiki/List_of_freedmen%27s_towns,Wikipedia,,9,,,,,,Incorporated (2020 Census),,,,,,,,Site of massacre 
USA,Florida,FL,,Eatonville,,,,28.61825008,-81.3929976,https://en.wikipedia.org/wiki/List_of_freedmen%27s_towns,Wikipedia,1887,2,,,,,,Incorporated (2020 Census),,,,,,,,
USA,Florida,FL,,Rosewood,,,,29.23832755,-82.93204837,https://en.wikipedia.org/wiki/List_of_freedmen%27s_towns,Wikipedia,1923,2,,,,,,Incorporated (2020 Census),,,,,,,,
USA,Florida,FL,,Fort Mose,,,,29.92912151,-81.32524427,https://en.wikipedia.org/wiki/List_of_freedmen%27s_towns,Wikipedia,,9,,,,,,Incorporated (2020 Census),,,,,,,,
,Florida,FL,,Negro Fort,"Fort Gadsden, Prospect Bluff Historic Site",,,29.93838105,-85.0106757,https://aaregistry.org/story/the-negro-fort-florida-a-story/,,1814,1,https://aaregistry.org/story/the-negro-fort-florida-a-story/,British Empire,https://aaregistry.org/story/the-negro-fort-florida-a-story/,No,unk,Incorporated (2020 Census),https://aaregistry.org/story/the-negro-fort-florida-a-story/,"War of 1812, Seminoles, Red Stick Creeks",5,1,https://aaregistry.org/story/the-negro-fort-florida-a-story/,Largest community of free blacks in North America pre-civil war,https://aaregistry.org/story/the-negro-fort-florida-a-story/,
,Georgia,GA,,Ray City,,,,"31.074556703134128,",-83.19874242,https://raycityhistory.wordpress.com/2018/10/20/freedmen-of-lowndes-county-658-georgia-militia-district/,Ray City History,1868,2,,,,,,Incorporated (2020 Census),,,,,,,,
USA,Illinois,IL,,Brooklyn,,,,38.65453702,-90.16874214,https://en.wikipedia.org/wiki/List_of_freedmen%27s_towns,Wikipedia,1823,1,,,,,,,,,,,,,,
USA,Illinois,IL,,New Philadelphia,,,,40.48886429,-90.47187766,https://en.wikipedia.org/wiki/List_of_freedmen%27s_towns,Wikipedia,1836,1,,,,,,Incorporated (2020 Census),,,,,,,,
,Illinois,IL,,Robbins,,,,41.64375003,-87.70574292,https://villageofrobbins.com/history,,1917,2,,Thomas J. Kellar (1st Mayor) ,https://villageofrobbins.com/history,Yes,,Incorporated (2020 Census),https://villageofrobbins.com/history,,,0,,One of the oldest all black incorpotated towns in US ,,
USA,Illinois,IL,,Lakeview,,,,41.94415622,-87.65261653,https://en.wikipedia.org/wiki/List_of_freedmen%27s_towns,Wikipedia,,9,,,,,,Incorporated (2020 Census),,,,,,,,
USA ,Indiana,IN,,Point Township,,,,37.87765357,-88.04718551,https://indianahistory.org/research/research-materials/early-black-settlements/early-black-settlements-by-county/,Indiana History,unk,9,,,,,,Incorporated (2020 Census),,,,,,Tech Unnamed (around Half Moon Pond) ,,
USA ,Indiana,IN,,"Brewery Hill Settlement, Black Township",,,,37.93811166,-87.91259031,https://indianahistory.org/research/research-materials/early-black-settlements/early-black-settlements-by-county/,Indiana History,1870s,2,,,,,,,,,,,,,,
USA ,Indiana,IN, ,"Burdette Park, Union Township",,,,37.94255873,-87.64088133,https://indianahistory.org/research/research-materials/early-black-settlements/early-black-settlements-by-county/,Indiana History,1850s,1,,,,,,,,,,,,Unnamed,,
USA ,Indiana,IN,,Ohio Township,Africa,,,37.9828911,-87.40729341,https://indianahistory.org/research/research-materials/early-black-settlements/early-black-settlements-by-county/,Indiana History,1870s,2,,,,,,Incorporated (2020 Census),,,,,,,,1st rural AA settlement in N. IN 
USA ,Indiana,IN,,Mitchem Settlement,,,,38.2126012,-86.1257739,https://indianahistory.org/research/research-materials/early-black-settlements/early-black-settlements-by-county/,Indiana History,1814,1,,,,,,Incorporated (2020 Census),,,,,,Present day Corydon,,
USA ,Indiana,IN,,Floyd County,"Franklin, Lafayette, New Albany ",,,38.2880198,-85.82536319,https://indianahistory.org/research/research-materials/early-black-settlements/early-black-settlements-by-county/,Indiana History,1800s,1,,,,,,Incorporated (2020 Census),,,,,,,,
USA ,Indiana,IN,,Watson,Utica Township,,,38.34776081,-85.70044552,https://indianahistory.org/research/research-materials/early-black-settlements/early-black-settlements-by-county/,Indiana History,1870s,2,,,,,,Incorporated (2020 Census),,,,,,,,
USA ,Indiana,IN,,Pinkston Settlement,Patoka Township,,,38.35109187,-87.60724331,https://indianahistory.org/research/research-materials/early-black-settlements/early-black-settlements-by-county/,Indiana History,1850,1,,,,,,Incorporated (2020 Census),,,,,,,,"Community near or around Franklin, Lafayette, New Albany "
USA ,Indiana,IN,,Roundtree Settlement,,Near Patoka Township,,38.35109187,-87.60724331,https://indianahistory.org/research/research-materials/early-black-settlements/early-black-settlements-by-county/,Indiana History,,9,,,,,,Incorporated (2020 Census),,,,,,,,
USA ,Indiana,IN,,Sand Hill Settlement,,Near Patoka Township,,38.35109187,-87.60724331,https://indianahistory.org/research/research-materials/early-black-settlements/early-black-settlements-by-county/,Indiana History,,9,,,,,,Incorporated (2020 Census),,,,,,,,
USA ,Indiana,IN,,Africa,"Union Township, Memphis Township",,,38.48384069,-85.7617267,https://indianahistory.org/research/research-materials/early-black-settlements/early-black-settlements-by-county/,Indiana History,1852,1,,,,,,,,,,,,,,
USA,Indiana,IN,,Lick Creek,,,,38.49809727,-86.39689139,https://www.fs.usda.gov/detail/hoosier/specialplaces/?cid=fsbdev3_017495,USFS,1820,1,,,,,,Incorporated (2020 Census),,,,,,,,
USA ,Indiana,IN,,Marion Township,,,,38.73234494,-86.49425332,https://indianahistory.org/research/research-materials/early-black-settlements/early-black-settlements-by-county/,Indiana History,1850,1,,,,,,Incorporated (2020 Census),,,,,,Tech unnamed,,
USA ,Indiana,IN,,Cherry Grove,Busseron Township ,,,38.82196723,-87.45415889,https://indianahistory.org/research/research-materials/early-black-settlements/early-black-settlements-by-county/,Indiana History,1840s,1,,,,,,,,,,,,,,
USA ,Indiana,IN,,Montgomery Township,,,,38.86923266,-85.63268833,https://indianahistory.org/research/research-materials/early-black-settlements/early-black-settlements-by-county/,Indiana History,1815s,1,,,,,,Incorporated (2020 Census),,,,,,Technically unnamed,,Founder James Roundtree built the black bridge
USA ,Indiana,IN,,Randolph Township,,,,38.94935941,-84.86750619,https://indianahistory.org/research/research-materials/early-black-settlements/early-black-settlements-by-county/,Indiana History,1850s,1,,,,,,Incorporated (2020 Census),,,,,,Tech unnamed,,
USA ,Indiana,IN,,Lewis Cemetery,,,,38.97900057,-87.45423559,https://indianahistory.org/research/research-materials/early-black-settlements/early-black-settlements-by-county/,Indiana History,1870s,2,,,,,,Incorporated (2020 Census),,,,,,Unnamed,,
USA ,Indiana,IN,,Stephenson Station ,,,,39.03238866,-85.50878716,https://indianahistory.org/research/research-materials/early-black-settlements/early-black-settlements-by-county/,Indiana History,1870,2,,,,,,Incorporated (2020 Census),,,,,,Near Campbell Township ,,
USA ,Indiana,IN,,"Underwood, Linton Township",,,,39.0334102,-87.16707004,https://indianahistory.org/research/research-materials/early-black-settlements/early-black-settlements-by-county/,Indiana History,1841,1,,,,,,Incorporated (2020 Census),,,,,,,,
USA ,Indiana,IN,,Graysville,,,,39.1176733,-87.55677816,https://indianahistory.org/research/research-materials/early-black-settlements/early-black-settlements-by-county/,Indiana History,1821,1,,,,,,Incorporated (2020 Census),,,,,,,,
USA ,Indiana,IN,,Jefferies Settlement,Jefferies,,,39.12511668,-87.08026655,https://indianahistory.org/research/research-materials/early-black-settlements/early-black-settlements-by-county/,Indiana History,1840s,1,,,,,,Incorporated (2020 Census),,,,,,,,he first wartime government housing project constructed exclusively for African-American residents
USA ,Indiana,IN,,Salt Creek Township,,,,39.12552642,-86.41563066,https://indianahistory.org/research/research-materials/early-black-settlements/early-black-settlements-by-county/,Indiana History,1850s,1,,,,,,Incorporated (2020 Census),,,,,,,,
USA ,Indiana,IN,,Hendricks County,,,,39.1683678,-84.91146467,https://indianahistory.org/research/research-materials/early-black-settlements/early-black-settlements-by-county/,Indiana History,1830s,1,,,,,,Incorporated (2020 Census),,,,,,"unnamed, but census info shows most lived in Guliford Township",,
USA ,Indiana,IN,,Africa,Smoky Hill (Row),,,39.20309542,-85.92292234,https://indianahistory.org/research/research-materials/early-black-settlements/early-black-settlements-by-county/,Indiana History,1850s,1,,,,,,,,,,,,,,"Also known as ""Nigger Hill"""
USA ,Indiana,IN,,Snelling Settlement,Fugit Township,,,39.40387908,-85.35183584,https://indianahistory.org/research/research-materials/early-black-settlements/early-black-settlements-by-county/,Indiana History,1820s,1,,,,,,Incorporated (2020 Census),,,,,,,,Near Ferdinand and Cass Townships
USA ,Indiana,IN,,Lost Creek ,,,,39.48354176,-87.35146014,https://indianahistory.org/research/research-materials/early-black-settlements/early-black-settlements-by-county/,Indiana History,unk,9,,,,,,Incorporated (2020 Census),,,,,,,,
USA ,Indiana,IN,,Burnett Settlement in Otter Creek ,,,,39.53032249,-87.3711475,https://indianahistory.org/research/research-materials/early-black-settlements/early-black-settlements-by-county/,Indiana History,1835,1,,,,,,,,,,,,,,
USA ,Indiana,IN,,"Bridgeport, Wayne Township","Sunnyside, West Parkview",,,39.731243,-86.31785736,https://indianahistory.org/research/research-materials/early-black-settlements/early-black-settlements-by-county/,Indiana History,1840s,1,,,,,,,,,,,,,,
USA ,Indiana,IN,,Washington Township,,,,39.75784365,-86.41874855,https://indianahistory.org/research/research-materials/early-black-settlements/early-black-settlements-by-county/,Indiana History,1840,1,,,,,,Incorporated (2020 Census),,,,,,Tech unnamed,,
,Indiana,IN,,Beech Settlement,,,,39.76111032,-85.57953847,https://wikimili.com/en/Beech_Settlement,Wiki Mill,1835,1,,,,,,,,,,,,,,
USA ,Indiana,IN,,Trail's Grove,Greensboro Township,,,39.8790403,-85.46447749,https://indianahistory.org/research/research-materials/early-black-settlements/early-black-settlements-by-county/,Indiana History,1830s,1,,,,,,Incorporated (2020 Census),,,,,,,,"Communities disbanded 
after civil war
"
USA ,Indiana,IN,,Rush Settlement,,Between Ervin and Clay Townships,,39.96151176,-86.1500837,https://indianahistory.org/research/research-materials/early-black-settlements/early-black-settlements-by-county/,Indiana History,1840,1,,,,,,Incorporated (2020 Census),,,,,,,,"Communities disbanded 
after civil war
"
USA ,Indiana,IN,,Beech Settlement,Ripley Township,,,39.97351645,-87.03811288,https://indianahistory.org/research/research-materials/early-black-settlements/early-black-settlements-by-county/,Indiana History,1830s,1,,,,,,,,,,,,,,
USA ,Indiana,IN,,"Cabin Creek, Union Township",,,,40.0467555,-85.13345865,https://indianahistory.org/research/research-materials/early-black-settlements/early-black-settlements-by-county/,Indiana History,1825,1,,,,,,,,,,,,,,
USA ,Indiana,IN,,"Snow Hill, Washington Township ",,,,40.04981557,-84.97318098,https://indianahistory.org/research/research-materials/early-black-settlements/early-black-settlements-by-county/,Indiana History,1838,1,,,,,,Incorporated (2020 Census),,,,,,,,
USA ,Indiana,IN,,Thorntown,,,,40.13835318,-86.62424633,https://indianahistory.org/research/research-materials/early-black-settlements/early-black-settlements-by-county/,Indiana History,1860s,2,,,,No,,Incorporated (2020 Census),,,,,,abandoned,,
,Indiana,IN,,Roberts Settlement,,,,40.19004334,-86.1148783,https://wikimili.com/en/Beech_Settlement,Wiki Mill,1830s,1,,,,,,Incorporated (2020 Census),,,,,,,,
USA ,Indiana,IN,,Roberts Settlement,,,,40.19016024,-86.1139518,https://indianahistory.org/research/research-materials/early-black-settlements/early-black-settlements-by-county/,Indiana History,1835,1,,,,,,Incorporated (2020 Census),,,,,,,,
USA ,Indiana,IN,,Sugar Creek ,,,,40.22998976,-86.28075608,https://indianahistory.org/research/research-materials/early-black-settlements/early-black-settlements-by-county/,Indiana History,1833,1,,,,,,Incorporated (2020 Census),,,,,,Technically Unnamed,,
USA ,Indiana,IN,,Weaver Settlement,Crossroads,,,40.46670171,-85.72554034,https://indianahistory.org/research/research-materials/early-black-settlements/early-black-settlements-by-county/,Indiana History,1840s,1,,,,,,Incorporated (2020 Census),,,,,,,,
USA ,Indiana,IN,,Basset Settlement,Ervin township,,,40.51593383,-86.30167659,https://indianahistory.org/research/research-materials/early-black-settlements/early-black-settlements-by-county/,Indiana History,1850s,1,,,,,,,,,,,,,,
USA ,Indiana,IN,,Jackson Township,,,,40.60532091,-86.53256676,https://indianahistory.org/research/research-materials/early-black-settlements/early-black-settlements-by-county/,Indiana History,"unknown, pre-1860",1,,,,,,Incorporated (2020 Census),,,,,,,,
USA ,Indiana,IN,,Huggart Settlement,,,,41.53532387,-86.31234059,https://indianahistory.org/research/research-materials/early-black-settlements/early-black-settlements-by-county/,Indiana History,1834,1,,,,,,Incorporated (2020 Census),,,,,,,,
USA ,Indiana,IN,,"Clear Lake Settlement, Jackson Township",,,,41.55177289,-86.93322958,https://indianahistory.org/research/research-materials/early-black-settlements/early-black-settlements-by-county/,Indiana History,1860s,2,,,,,,,,,,,,,,
USA ,Indiana,IN,,Banks Settlement,Centre Township,,,41.59896764,-86.2583289,https://indianahistory.org/research/research-materials/early-black-settlements/early-black-settlements-by-county/,Indiana History,1850s,1,,,,,,,,,,,,,,
,Indiana,IN,,Lyles Station,,,,"38.369952914552385,",-87.65829081,https://wikimili.com/en/Beech_Settlement,Wiki Mill,1830,1,,,,,,Incorporated (2020 Census),,,,,,,,
USA ,Indiana,IN,,Hannover Township,,,,"38.71399494307154,",-85.47355541,https://indianahistory.org/research/research-materials/early-black-settlements/early-black-settlements-by-county/,Indiana History,1840s,1,,,,,,Incorporated (2020 Census),,,,,,,,
USA ,Indiana,IN,,Georgetown District,Madison ,,,"38.73961548947644,",-85.37691669,https://indianahistory.org/research/research-materials/early-black-settlements/early-black-settlements-by-county/,Indiana History,1830s,1,,,,,,Incorporated (2020 Census),,Underground Railroad,4,,,Underground RR,,
USA ,Indiana,IN,,Richland,Africa,,,"38.984399580756524,",-85.60972312,https://indianahistory.org/research/research-materials/early-black-settlements/early-black-settlements-by-county/,Indiana History,1830s,1,,,,,,Incorporated (2020 Census),,Underground Railroad,4,,,Potential URR,,
USA ,Indiana,IN,,Henderson Settlement,Lincoln Township,,,"39.835657469751176,",-86.37388521,https://indianahistory.org/research/research-materials/early-black-settlements/early-black-settlements-by-county/,Indiana History,1844,1,,,,,,Incorporated (2020 Census),,,,,,,,
USA ,Indiana,IN,,Brown Township,,,,"39.86252381252319,",-86.39120703,https://indianahistory.org/research/research-materials/early-black-settlements/early-black-settlements-by-county/,Indiana History,1850,1,,,,,,,,,,,,"Unnamed, Trail at Raccoon Creek",,
USA ,Indiana,IN,,"Greenville, Greens Fork Township",,,,"39.89230453967521,",-85.04157829,https://indianahistory.org/research/research-materials/early-black-settlements/early-black-settlements-by-county/,Indiana History,1822,1,,,,,,Incorporated (2020 Census),,,,,,"Staddles, IN and OH Border (OH Sidecalled Longtown or Long) ",,
USA ,Indiana,IN,,McCellan Township,,,,"41.041017106443874,",-87.45193996,https://indianahistory.org/research/research-materials/early-black-settlements/early-black-settlements-by-county/,Indiana History,1870s,2,,,,,,Incorporated (2020 Census),,,,,,Tech unnamed,,
USA ,Indiana,IN,,"Leatherwood, Penn Township",,,,"41.622454093243654,",-86.13834926,https://indianahistory.org/research/research-materials/early-black-settlements/early-black-settlements-by-county/,Indiana History,1840s,1,,,,,,Incorporated (2020 Census),,,,,,,,
USA ,Indiana,IN,,Washington County Settlements,,,,38.60539866,-86.10213795,https://indianahistory.org/research/research-materials/early-black-settlements/early-black-settlements-by-county/,Indiana History,1820s,1,,,,,,Incorporated (2020 Census),,,,,,,,
USA,Iowa,IA,,Buxton,,,,41.1582729,-92.82083627,https://iowaculture.gov/history/education/educator-resources/primary-source-sets/buxton-lost-utopia,iowa.gov,1873,2,,,,No,1895,,,,,,,Flooded in 1895 and dissolved,,
,,,,,,,,,,,,,,,,,,,,,,,,,,,
USA,Kansas,KS,,David Votaw Colony,,,,37.03948378,-95.62265162,https://www.cjonline.com/article/20100417/LIFESTYLE/304179866,Topeka Capital Journal ,1879,2,,,,,,,,Exodusters,2,,,,,
USA,Kansas,KS,,Little Coney Colony,,,,37.04271085,-96.13370622,https://www.cjonline.com/article/20100417/LIFESTYLE/304179865,Topeka Capital Journal ,1880,2,,,,,,Incorporated (2020 Census),,Exodusters,2,,,,,Incorporated into KC into present day Woodswether industrial district
USA,Kansas,KS,,Scuffletown,Parsons,,https://www.kshs.org/publicat/books/pdfs/black_historic_sites.pdf,37.336351,-95.27061399,,,1879,2,https://www.kshs.org/publicat/books/pdfs/black_historic_sites.pdf,,,,,Incorporated (2020 Census),,Exodusters,2,2,https://www.kshs.org/publicat/books/pdfs/black_historic_sites.pdf,,,
USA,Kansas,KS,,Morton City,,,,37.61654802,-97.79183801,http://kansasghosttowns.blogspot.com/2015/12/morton-city-dead-exoduster-colony-in.html,Dead towns of Kansas ,1878,2,,,,No,,Incorporated (2020 Census),,Exoduster,2,,,ghost town ,,
USA,Kansas,KS,,Dunlop Colony ,Dunlop,,,38.57564352,-96.3667678,https://legendsofkansas.com/dunlap-kansas/,,1869,2,https://legendsofkansas.com/dunlap-kansas/,Joseph Dunlop,https://legendsofkansas.com/dunlap-kansas/,yes,,Incorporated (2020 Census),,Exodusters,2,2,https://legendsofkansas.com/dunlap-kansas/,Josephn Dunlap was an agent for the Kanza Tribe; Pap Singleton came here first ,,
USA,Kansas,KS,,Singleton's Colony,Dunlap,,,38.57599574,-96.36772267,https://core.ac.uk/download/pdf/188060403.pdf,Great Plains Quarterly,1879,2,,,,,,Incorporated (2020 Census),,,,,,,,Merged with Town of Falun
USA,Kansas,KS,,Summit Township,,,,38.6697482,-97.75881081,,Thomas A,1879-1942,2,,,,,,Incorporated (2020 Census),,Exodusters,2,,,,,"Area of Topeka bounded by S.W. Clay, S.W. Washburn, Huntoon and 10th"
USA,Kansas,KS,,Mud Town ,Mudtown,"SE Edge of Topeka: 10th St in the North, Indiana Ave to the East, Kansas on the west, neighborhood sloped inward to Shundganuna Creek",https://books.google.com/books?id=N6W2f1jludUC&pg=PA326&lpg=PA326&dq=Mudtown%2BTopeka&source=bl&ots=Vqt2wNVojP&sig=ACfU3U0S3r7HjPjW6O9zy0Teo5Aucwz6rQ&hl=en&sa=X&ved=2ahUKEwjtlc7oh9L0AhWKhXIEHe2zANcQ6AF6BAgUEAM#v=onepage&q=Mudtown%2BTopeka&f=false,39.04478957,-95.66097031,https://biketopeka.com/2020/08/27/suburban-renewal-depopulating-downtown-topeka/,,1870s,2,https://books.google.com/books?id=N6W2f1jludUC&pg=PA326&lpg=PA326&dq=Mudtown%2BTopeka&source=bl&ots=Vqt2wNVojP&sig=ACfU3U0S3r7HjPjW6O9zy0Teo5Aucwz6rQ&hl=en&sa=X&ved=2ahUKEwjtlc7oh9L0AhWKhXIEHe2zANcQ6AF6BAgUEAM#v=onepage&q=Mudtown%2BTopeka&f=false,,,,,Incorporated (2020 Census),,Exodusters,2,2,https://www.kshs.org/kansapedia/exodusters/17162,,,
USA,Kansas,KS,,Tennessee Town,,,,39.04556968,-95.68223785,https://www.cjonline.com/article/20100417/LIFESTYLE/304179866,Topeka Capital Journal ,,9,,,,,,Incorporated (2020 Census),,Exodusters,2,,,,,Topeka four-block area south of 10th Street and east of Jackson Street. 
USA,Kansas,KS,,The Bottoms,,,,39.04597273,-95.67695271,https://www.cjonline.com/article/20100417/LIFESTYLE/304179864,Topeka Capital Journal ,,9,,,,,,Incorporated (2020 Census),,Exodusters,2,,,,,50 mi w of topeka
USA,Kansas,KS,,Redmonsville,,North Topeka ,https://www.nps.gov/brvb/learn/management/brvb-hrs.htm,39.07629407,-95.70045588,https://www.nps.gov/brvb/learn/management/brvb-hrs.htm,,unk,9,,,,,,Incorporated (2020 Census),,Exodusters,2,2,https://www.kshs.org/publicat/books/pdfs/black_historic_sites.pdf,,Earliest Exoduster Settlement ,
USA,Kansas,KS,,Mississippi Town ,Juniper,,,39.1081893,-94.59925014,https://books.google.com/books?id=PSIR8b2tbjQC&pg=PA211&lpg=PA211&dq=%22mississippi+town%22+Kansas+city&source=bl&ots=-QC7d1b1bO&sig=ACfU3U2vfN-H2ew7dTpFqajVaBPzmoLJTA&hl=en&sa=X&ved=2ahUKEwjEkNOxlaX0AhVcj3IEHeLFAf0Q6AF6BAgLEAM#v=onepage&q=%22mississippi%20town%22%20Kansas%20city&f=false,Kansas: A guide to the Sunflower State,1887-1924,2,,,,,,Incorporated (2020 Census),,Exodusters,2,,,,,
USA,Kansas,KS,,Hoggs Town ,,Present Day West Heights Mannor ,,39.12147969,-94.64929899,https://www.kshs.org/publicat/books/pdfs/black_historic_sites.pdf,,unk,9,,William Hogg,https://www.kshs.org/publicat/books/pdfs/black_historic_sites.pdf,No,1929,Incorporated (2020 Census),https://www.kshs.org/publicat/books/pdfs/black_historic_sites.pdf,Exodusters,2,2,,,,
USA,Kansas,KS,,Quindaro,,,,39.14616259,-94.66585266,https://www.kshs.org/kansapedia/quindaro/15163,Kansas Historical Society ,1857,1,,,,,,Incorporated (2020 Census),,Exodusters,2,1,,Wyandot Indians,,
USA,Kansas,KS,,Wabaunsee Colony,,,,39.14774154,-96.34699666,http://www.ksgenweb.org/archives/1912/f/freedmens_relief_assoc.html,KS Gen Web,1879,2,,,,,,Incorporated (2020 Census),,Exodusters,2,,,,,Near Richmond
USA,Kansas,KS,,Rattlebone Hollow,,,,39.14880607,-94.61428208,https://www.flatlandkc.org/curiouskc/curiouskc-resurrecting-rattlebone-hollow/,CuriousKC,1878,2,,,,,,Incorporated (2020 Census),,Exodusters,2,,,,,
USA,Kansas,KS,,Hill City,,,,39.36489419,-99.8458761,https://books.google.com/books?id=J2ysBwAAQBAJ&pg=PT286&lpg=PT286&dq=rhodes+creek+idaho%2Bslaves&source=bl&ots=c40gB9O8Gt&sig=ACfU3U3QFIOk7kVlowZkumclJys-Z7iFRA&hl=en&sa=X&ved=2ahUKEwjFz-qv46T0AhU1pnIEHRD6BHoQ6AF6BAg0EAM#v=twopage&q&f=false,,1877,2,,"WR Hill, James P. Pomeroy",https://books.google.com/books?id=J2ysBwAAQBAJ&pg=PT286&lpg=PT286&dq=rhodes+creek+idaho%2Bslaves&source=bl&ots=c40gB9O8Gt&sig=ACfU3U3QFIOk7kVlowZkumclJys-Z7iFRA&hl=en&sa=X&ved=2ahUKEwjFz-qv46T0AhU1pnIEHRD6BHoQ6AF6BAg0EAM#v=twopage&q&f=false,yes,,Incorporated (2020 Census),,,,,,,,
USA,Kansas,KS,,Nicodemus,,,,39.39415264,-99.61705553,https://en.wikipedia.org/wiki/List_of_freedmen%27s_towns,Wikipedia,,9,,,,,,Incorporated (2020 Census),,,,,,,,
USA,Kansas,KS,,Bloomington ,Tilden,,,39.4557708,-98.78994993,https://kuscholarworks.ku.edu/bitstream/handle/1808/24171/FowlerIII_ku_0099M_14951_DATA_1.pdf?sequence=1&isAllowed=y,,1870s,2,,,,,,,,,,,,,,
USA,Kentucky,KY,,Freetown,,,https://explorekyhistory.ky.gov/items/show/185?tour=57&index=2,36.63894753,-85.77785969,,,1846,1,https://explorekyhistory.ky.gov/items/show/185?tour=57&index=2,,,,,Incorporated (2020 Census),,,,,,,,
USA,Kentucky,KY,,Jonesvillie,,,https://explorekyhistory.ky.gov/items/show/819?tour=57&index=0,36.98230603,-86.46158695,,,1860s,2,https://explorekyhistory.ky.gov/items/show/819?tour=57&index=0,,,No,1960s,Incorporated (2020 Census),https://explorekyhistory.ky.gov/items/show/819?tour=57&index=0,,,,,Land sold to Western KY University in the 1960s ,,
USA,Kentucky,KY,,Shake Rag,,,https://explorekyhistory.ky.gov/items/show/380?tour=57&index=1,36.9987891,-86.4317496,,,1802,1,https://explorekyhistory.ky.gov/items/show/380?tour=57&index=1,,,,,Incorporated (2020 Census),,,,,,Not orignally a free town ,https://explorekyhistory.ky.gov/items/show/380?tour=57&index=1,
USA,Kentucky,KY,,Boneyville,,,,37.51833812,-84.66407776,https://explorekyhistory.ky.gov/items/show/269?tour=57&index=11,,1867,2,https://explorekyhistory.ky.gov/items/show/269?tour=57&index=11,"Napoleon Bonaparte ""Bones"" Hays and Alfred Simpson",https://explorekyhistory.ky.gov/items/show/269?tour=57&index=11,,,,,,,,,Bones served in the 12th US Colored Heavy Artillery ,,
,Kentucky,KY,,Estill's Station,,,,37.71269086,-84.26886184,https://www.richmondregister.com/news/lifestyles/estill-s-station-has-a-long-history-in-madison-co/article_6c47f82d-ea78-547c-95ce-d2012173ab4c.html,Richmond Register,1780s,1,,,,,,Incorporated (2020 Census),,,,,,,,
USA,Kentucky,KY,,Huntertown,,,,38.03328417,-84.70524652,https://en.wikipedia.org/wiki/List_of_freedmen%27s_towns,Wikipedia,,9,,,,,,Incorporated (2020 Census),,,,,,,,
USA,Kentucky,KY,,Zion Hill ,"Lenerson, South Elkhorn Bend",,https://explorekyhistory.ky.gov/items/show/817?tour=57&index=14,38.121172,-84.6397765,,,pre-civil war,1,https://explorekyhistory.ky.gov/items/show/817?tour=57&index=14,,,,,Incorporated (2020 Census),,,,,,,,
USA,Kentucky,KY,,Maddoxtown,,,,38.128226,-84.452788,,,1871,2,https://explorekyhistory.ky.gov/items/show/181?tour=57&index=18,Samuel Maddox,https://explorekyhistory.ky.gov/items/show/181?tour=57&index=18,,,Incorporated (2020 Census),,,,,,,,
USA,Kentucky,KY,,New Zion,,,https://explorekyhistory.ky.gov/items/show/816,38.1776366,-84.4885785,,,1872,2,https://explorekyhistory.ky.gov/items/show/816,Calvin Hamilton and Primus Keene,https://explorekyhistory.ky.gov/items/show/816,,,Incorporated (2020 Census),,,,,,Home of Civil Rights Actiovist Oscar Dishman ,,
USA,Kentucky,KY,,Little Africa,Needmore,,https://explorekyhistory.ky.gov/items/show/814?tour=57&index=3,38.2402296,-85.8157044,,,1870s,2,https://explorekyhistory.ky.gov/items/show/821?tour=57&index=4,,,,,Incorporated (2020 Census),,,,,,,,
USA,Kentucky,KY,,Smoketown,,,https://explorekyhistory.ky.gov/items/show/821?tour=57&index=4,38.2448234,-85.7437472,,,1865,2,https://explorekyhistory.ky.gov/items/show/820?tour=57&index=6,,,,,Incorporated (2020 Census),,,,,,,,
USA,Kentucky,KY,,Griffytown,Griffeytown,,,38.250752,-85.543829,https://explorekyhistory.ky.gov/items/show/818?tour=57&index=7,,1879,2,https://explorekyhistory.ky.gov/items/show/818?tour=57&index=7,Dan Griffith,https://explorekyhistory.ky.gov/items/show/818?tour=57&index=7,,,Incorporated (2020 Census),,,,,,,,
USA,Kentucky,KY,,Berrytown,,,,38.2669765,-85.525273,https://explorekyhistory.ky.gov/items/show/822?tour=57&index=8,,1874,2,https://explorekyhistory.ky.gov/items/show/822?tour=57&index=8,Alfred Berry,,,,,,,,,,,,
USA,Kentucky,KY,,Stonetown,,,https://explorekyhistory.ky.gov/items/show/181?tour=57&index=18,38.278947,-84.6825141,,,1860s,2,https://explorekyhistory.ky.gov/items/show/181?tour=57&index=18,,,,,Incorporated (2020 Census),,,,,,,,
USA,Kentucky,KY,,"Petersburg, Newburg",Wet Woods,,https://explorekyhistory.ky.gov/items/show/820?tour=57&index=6,39.07082267,-84.86475381,,,1851,1,https://explorekyhistory.ky.gov/items/show/820?tour=57&index=6,Eliza Curtis Hundley Tevis,,,,Incorporated (2020 Census),,,,,,Town named after freedmen Peter Laws ,https://explorekyhistory.ky.gov/items/show/820?tour=57&index=6,
USA,Louisiana,LA,,Bobtown,,,,29.46367449,-90.70308269,https://mytpl.org/project/bobtown-in-terrebonne-parish/,,1898,2,https://mytpl.org/project/bobtown-in-terrebonne-parish/,Robert Celestin,https://mytpl.org/project/bobtown-in-terrebonne-parish/,Yes,,,https://mytpl.org/project/bobtown-in-terrebonne-parish/,,,,,,,
USA,Louisiana,LA,,Morrisonville,,,,30.32033815,-91.22421703,https://raregoldnuggets.com/?p=3886,,1889,2,https://raregoldnuggets.com/?p=3886,,,No,1980,Abandoned,,,,,,Dow polluted the environment,,
USA,Louisiana,LA,,Mossville,Shoat's Prairie,https://lib.lsu.edu/oralhistory/collections/mossville,,30.24759037,-93.30902372,https://lib.lsu.edu/oralhistory/collections/mossville,,1916,2,https://lib.lsu.edu/oralhistory/collections/mossville,,,Yes,,Incorporated (2020 Census),https://lib.lsu.edu/oralhistory/collections/mossville,,,,,,,"Chemicals, Documentary on Env Racisim: https://www.nonfictionfilm.com/news/mossville-when-great-trees-fall-exposes-environmental-racism-that-doomed-historic-louisiana-town"
USA,Louisiana,LA,,Isle Brevelle,CÃ´te Joyeuse,https://en.wikipedia.org/wiki/Isle_Brevelle,,31.63400977,-93.02015285,https://louisianafolklife.org/LT/Articles_Essays/la_3_folk_reg.html,,1792,1,https://en.wikipedia.org/wiki/Isle_Brevelle,Nicolas Augustin Metoyer,https://en.wikipedia.org/wiki/Isle_Brevelle,Yes,,Unsure,,Creole,8,,,,,
USA,Louisiana,LA,,Scotlandville,,,,30.53354166,-91.16619381,https://en.wikipedia.org/wiki/List_of_freedmen%27s_towns,Wikipedia,,9,,,,,,Incorporated (2020 Census),,,,,,,,
USA,Louisiana,LA,,Ironton,,,,29.64755502,-89.96360481,https://www.desmog.com/2021/09/14/hurricane-ida-ironton-louisiana-scattered-coffins-floodwaters-environmental-justice/,,1800s,9,,,,Yes,,Unicorporated,,,,,,No running water until the 1980s ,https://www.desmog.com/2021/09/14/hurricane-ida-ironton-louisiana-scattered-coffins-floodwaters-environmental-justice/,"Katrina, Ida"
USA,Louisiana,LA,,Grambling,,,,32.5240343,-92.71668856,https://www.africanamericanheritageatlas.org/grambling-la.html,,1875,2,https://www.africanamericanheritageatlas.org/grambling-la.html,,,,,Incorporated (2020 Census),,,,,,,,
USA,Maine,ME,,Bailey Island,Newaggin,,,43.7355137,-69.99392237,https://en.wikipedia.org/wiki/Bailey_Island_(Maine),Wikipedia,1742,1,,,,,,,,,,,,,,
USA,Maine,ME,,Harbor Island,Horse,,,43.76868158,-69.87161429,https://en.wikipedia.org/wiki/List_of_freedmen%27s_towns,Wikipedia,,9,,,,,,Incorporated (2020 Census),,,,,,,,
USA,Maine,ME,,Malaga Island ,,,,43.78121899,-69.87455206,,,1860s,2,https://www.usnews.com/news/best-states/articles/2019-06-04/in-maine-a-hidden-history-on-malaga-island,Fatima Darling and Henry Griffin ,https://www.usnews.com/news/best-states/articles/2019-06-04/in-maine-a-hidden-history-on-malaga-island,Yes,,Incorporated (2020 Census),,,,,,,,
USA,Maryland,MD,,Unionville,,,,38.81358203,-76.1395811,https://en.wikipedia.org/wiki/List_of_freedmen%27s_towns,Wikipedia,,9,,,,,,Incorporated (2020 Census),,,,,,,,
USA,Maryland,MD,,Highland Beach,,,,38.93095333,-76.46659292,https://www.blackpast.org/african-american-history/highland-beach-maryland-1893/,Blackpast.org,1893,2,,,,,,Incorporated (2020 Census),,,,,,,,
USA,Maryland,MD,,Rossville,,,,39.34948659,-76.4872734,https://mdhistoricaltrust.wordpress.com/2021/02/26/freedmens-communities-in-maryland/,,1868,2,https://mdhistoricaltrust.wordpress.com/2021/02/26/freedmens-communities-in-maryland/,,,,,Incorporated (2020 Census),,,,,,,,
USA,Maryland,MD,,Bacontown,,,,39.10720715,-76.81778273,https://www.washingtonpost.com/local/black-towns-established-by-freed-slaves-after-civil-war-are-dying-out/2015/03/26/25872e5c-c608-11e4-a199-6cb5e63819d2_story.html,,1860,1,https://mdhistoricaltrust.wordpress.com/2021/02/26/freedmens-communities-in-maryland/,Maria Bacon,https://mdhistoricaltrust.wordpress.com/2021/02/26/freedmens-communities-in-maryland/,,,,,,,,,,,
USA,Maryland,MD,,Sugarland,,,,39.09855158,-77.38229979,https://www.washingtonpost.com/local/black-towns-established-by-freed-slaves-after-civil-war-are-dying-out/2015/03/26/25872e5c-c608-11e4-a199-6cb5e63819d2_story.html,,1871,2,https://www.washingtonpost.com/local/black-towns-established-by-freed-slaves-after-civil-war-are-dying-out/2015/03/26/25872e5c-c608-11e4-a199-6cb5e63819d2_story.html,"William Taylor, Patrick Hebron Jr., John H. Diggs",https://www.washingtonpost.com/local/black-towns-established-by-freed-slaves-after-civil-war-are-dying-out/2015/03/26/25872e5c-c608-11e4-a199-6cb5e63819d2_story.html,,,Incorporated (2020 Census),,,,,,,,
USA,Maryland,MD,,Chapel Hill,,,,38.72332131,-76.98235131,https://www.washingtonpost.com/local/black-towns-established-by-freed-slaves-after-civil-war-are-dying-out/2015/03/26/25872e5c-c608-11e4-a199-6cb5e63819d2_story.html,,1868,,https://www.washingtonpost.com/local/black-towns-established-by-freed-slaves-after-civil-war-are-dying-out/2015/03/26/25872e5c-c608-11e4-a199-6cb5e63819d2_story.html,,,,,,,,,,,,,
USA,Massachusetts,MA,,Parting Ways,,,,41.94554644,-70.73470751,https://en.wikipedia.org/wiki/List_of_freedmen%27s_towns,Wikipedia,,9,,,,,,Incorporated (2020 Census),,,,,,,,
USA,Michigan,MI,,Idlewild ,,,,43.88633752,-85.80217359,"https://en.wikipedia.org/wiki/Idlewild,_Michigan",,1912,2,,,,,,Incorporated (2020 Census),,,,,,,,
USA,Mississippi,MS,,Davis Bend,,,,32.14273491,-91.1014121,https://en.wikipedia.org/wiki/List_of_freedmen%27s_towns,Wikipedia,,9,,,,,,,,,,,,,,
USA,Mississippi,MS,,Renova,,,,33.77808299,-90.72227211,,Thomas A,1886,2,,,,,,Incorporated (2020 Census),,,,,,,,
USA,Mississippi,MS,,Mound Bayou,,,,33.87829643,-90.72788115,https://en.wikipedia.org/wiki/List_of_freedmen%27s_towns,Wikipedia,,9,,,,,,Incorporated (2020 Census),,,,,,Suburbs included Winstonville (AKA Chamber; AKA Wyandotte) ,,
USA,Missouri,MO,,Meacham Park,,,,38.5632078,-90.40575096,https://en.wikipedia.org/wiki/List_of_freedmen%27s_towns,Wikipedia,,9,,,,,,Incorporated (2020 Census),,,,,,,,
USA,Missouri,MO,,North Webster,,,,38.59510497,-90.34793951,https://en.wikipedia.org/wiki/List_of_freedmen%27s_towns,Wikipedia,,9,,,,,,Incorporated (2020 Census),,,,,,,,
USA,Missouri,MO,,Kinloch,,,,38.7397764,-90.32551989,https://en.wikipedia.org/wiki/List_of_freedmen%27s_towns,Wikipedia,,9,,,,,,Incorporated (2020 Census),,,,,,,,
USA,Missouri,MO,,Three Creeks,,,,38.84087877,-92.27478609,https://books.google.com/books?id=G357gYrd_goC&pg=PA103&lpg=PA103&dq=three+creeks+missouri+history&source=bl&ots=OxU96stdoF&sig=ACfU3U2-qb6ffW4BNeVZ9ezb-IVvyQz3mQ&hl=en&sa=X&ved=2ahUKEwid4uqFyN7zAhUDoXIEHUw6B60Q6AF6BAgVEAM#v=onepage&q=three%20creeks%20missouri%20history&f=false,Missouri's Black Heritage ,1870s,2,,,,,,Incorporated (2020 Census),,,,,,,,
USA,Missouri,MO,,Pennytown,,,,38.99793966,-93.16524542,https://en.wikipedia.org/wiki/List_of_freedmen%27s_towns,Wikipedia,,9,,,,,,Incorporated (2020 Census),,,,,,,,
USA,Missouri,MO,,Robertson,,,,39.08509265,-93.73486318,https://en.wikipedia.org/wiki/List_of_freedmen%27s_towns,Wikipedia,,9,,,,,,Incorporated (2020 Census),,,,,,,,
USA,Missouri,MO,,Namrash,,,,39.32600437,-92.99499462,,Thomas A,1876,2,,,,,,Incorporated (2020 Census),,,,,,,,
USA,Missouri,MO,,Winstonville,Chambers/Wyandotte,,,40.12988147,-93.54457431,,Thomas A,1908,2,,,,,,Incorporated (2020 Census),,,,,,,,
USA,Nebraska,NE,,Overton ,,,,40.73892711,-99.53713259,https://casde.unl.edu/history/counties/dawson/overton/,Uni. Nebraska - Lincoln ,> 1873,2,,,,,,Incorporated (2020 Census),,,,,,,,
USA,Nebraska,NE,,DeWitty,Audacious,,,42.2872,-100.5727,https://en.wikipedia.org/wiki/List_of_freedmen%27s_towns,Wikipedia,1908,2,,,,,,Incorporated (2020 Census),,,,,,,,
USA,New Hampshire,NH,,Coit Mountain ,,,,43.39309462,-72.16938747,https://blackheritagetrailnh.org/2019-lenten-program-day-11/,Black Heritage Trails NH,1790s,1,,,,,,,,,,,,,,
USA,New Jersey,NJ,,Whitesboro,,,,39.03902074,-74.85913698,https://www.blackpast.org/african-american-history/whitesboro-new-jersey-1902/,Blackpast.org,1902,2,,,,,,Incorporated (2020 Census),,,,,,,,
USA,New Jersey,NJ,,Marshalltown,,,,39.63746483,-75.45334477,https://en.wikipedia.org/wiki/List_of_freedmen%27s_towns,Wikipedia,,9,,,,,,Incorporated (2020 Census),,,,,,,,
,New Jersey,NJ,,Skunk Hollow,The Mountains,,,40.97542895,-73.92891219,https://aahsmuseum.org/dt_portfolios/skunk-hollow/,AAHS ,1806,1,,,,,,Incorporated (2020 Census),,,,,,Incorporated in to Alpine NJ ,,
USA,New Jersey ,NJ,,Lawnside,Snow Hill,,,39.86618259,-75.02838708,google maps,,1840,1,https://www.lawnside.net/about-us,,,,,Incorporated (2020 Census),,Underground RR,4,0,https://www.lawnside.net/about-us,,,
USA,New Mexico,NM,,Vado,,,,32.12790134,-106.6558731,https://en.wikipedia.org/wiki/List_of_freedmen%27s_towns,Wikipedia,,9,,,,,,Incorporated (2020 Census),,,,,,,,
USA,New Mexico,NM,,Blackdom,,,,33.15726681,-104.5259853,https://en.wikipedia.org/wiki/List_of_freedmen%27s_towns,Wikipedia,,9,,,,,,,,,,,,,,
USA,New York,NY,,Sandy Ground,,,,40.54098194,-74.21637408,https://en.wikipedia.org/wiki/List_of_freedmen%27s_towns,Wikipedia,,9,,,,,,Incorporated (2020 Census),,,,,,,,
USA,New York,NY,,Weeksville,,,,40.67348728,-73.92467047,https://en.wikipedia.org/wiki/List_of_freedmen%27s_towns,Wikipedia,1838,1,,,,,,Incorporated (2020 Census),,,,,,,,
USA,New York,NY,,Seneca Village,,,,40.78402316,-73.96893093,https://en.wikipedia.org/wiki/List_of_freedmen%27s_towns,Wikipedia,,9,,,,,,Incorporated (2020 Census),,,,,,,,
USA,New York,NY,,Eastville,,,,40.99415857,-72.28540231,https://en.wikipedia.org/wiki/List_of_freedmen%27s_towns,Wikipedia,,9,,,,,,Incorporated (2020 Census),,,,,,Sag Harbor,,
USA,New York,NY,,Freetown,,,,42.52100273,-76.02970567,https://en.wikipedia.org/wiki/List_of_freedmen%27s_towns,Wikipedia,,9,,,,,,Incorporated (2020 Census),,,,,,,,
USA,North Carolina,NC,,Navassa,,,,34.256846,-78.004818,"https://en.wikipedia.org/wiki/Navassa,_North_Carolina",,1700s,1,"https://en.wikipedia.org/wiki/Navassa,_North_Carolina",,,Yes,,Incorporated (2020 Census),,Gullah Geechee,3,2,https://coastalreview.org/2018/02/nc-coast-home-to-abundant-black-history/,,,
USA,North Carolina,NC,,James City,,,,35.087373,-77.03584455,https://en.wikipedia.org/wiki/List_of_freedmen%27s_towns,Wikipedia,,9,,,,,,Incorporated (2020 Census),,,,,,,,
USA,North Carolina,NC,,Oberlin Village,,,,35.79668882,-78.66048147,https://en.wikipedia.org/wiki/List_of_freedmen%27s_towns,Wikipedia,,9,,,,,,Incorporated (2020 Census),,,,,,,,
,North Carolina,NC,,Princeville,Freedom Hill,,,35.88812259,-77.52843264,https://www.google.com/url?sa=t&rct=j&q=&esrc=s&source=web&cd=&cad=rja&uact=8&ved=2ahUKEwiiqoSByIn0AhVmmHIEHQbvDAkQFnoECAMQAQ&url=https%3A%2F%2Fen.wikipedia.org%2Fwiki%2FPrinceville%2C_North_Carolina&usg=AOvVaw0OkZTGUelpbqy6IAibu5Pe,Wikipedia,1865,2,,,,,,Incorporated (2020 Census),,,,,,,,
USA,North Carolina,NC,,Roanoke Island Freedmen's Colony,,,,35.9344276,-75.71149112,https://en.wikipedia.org/wiki/List_of_freedmen%27s_towns,Wikipedia,,9,,,,,,Incorporated (2020 Census),,,,,,,,Alice Freeman Palmer INstitute
USA,North Carolina,NC,,Hayti,,,,35.98586605,-78.89842772,https://en.wikipedia.org/wiki/List_of_freedmen%27s_towns,Wikipedia,,9,,,,,,Incorporated (2020 Census),,,,,,,,
USA,North Carolina,NC,,Sedalia,,,,36.06725143,-79.6228767,,Thomas A,1870,2,,,,,,Incorporated (2020 Census),,,,,,,,
USA,North Carolina,NC,,Beech Bottom,Beech Bottoms,,,36.071929,-82.009392,https://www.averyjournal.com/news/history/our-avery-county-an-incomplete-story-slavery-in-avery-county/article_2a8a9b51-e271-5954-b100-36fbfdea3db2.html,The Avery Journal Times,> 1865,1,,,,,,,,,,,,,,
USA,North Carolina,NC,,Bethania,,,,36.18109588,-80.33796127,https://en.wikipedia.org/wiki/List_of_freedmen%27s_towns,Wikipedia,,9,,,,,,,,,,,,,,
USA,North Carolina,NC,,Little California,,,,36.360511,-76.972397,https://www.soulofamerica.com/black-towns/north-carolina/,Soul of America,1863,2,,,,,,Incorporated (2020 Census),,,,,,,,
USA,North Dakota,ND,,Lithia,Montgomery ,,,46.615749,-96.812686,http://wikimapia.org/16334090/Lithia-North-Dakota,Wiki Mapia,1880s,2,,,,,,Incorporated (2020 Census),,,,,,,,
USA,Ohio,OH,,Gist Settlement- Fairfield,Fairfield Township,Present day Penn Township,,39.31627659,-83.64711806,https://www.hmdb.org/m.asp?m=122475,,1835,1,https://www.hmdb.org/m.asp?m=122475,,,Yes,,Incorporated (2020 Census),,,,,,"Multiple settlements exisited, but this is only surving one ",https://www.hmdb.org/m.asp?m=122475,
USA,Ohio,OH,,Gist Settlement- Scott,Scott Township,,,38.91291574,-83.89612842,https://www.hmdb.org/m.asp?m=136037,,1835,1,https://www.hmdb.org/m.asp?m=136037,,,No,,Historical Marker,,,,,,,,
USA,Ohio,OH,,Rumley,,"near the junction of Blanke Road and Hardin Pike, between St. Rt. 119 and 274, northeast of McCartyville, (Van Buren Township) in Shelby County.",,40.41822997,", -84.25062256404752",https://www.shelbycountyhistory.org/schs/blackhistory/rumley.htm,,1837,1,https://www.shelbycountyhistory.org/schs/blackhistory/rumley.htm,Joel and Wesley Goings (Bros),https://www.shelbycountyhistory.org/schs/blackhistory/rumley.htm,No,,,,,,,,,,
,,,,,,,,,,,,,,,,,,,,,,,,,,,
USA,Oklahoma,OK,,Oberlin,,,,33.87371,-95.8516,,,,9,,,,,,Incorporated (2020 Census),,,,,,,,
USA,Oklahoma,OK,,Gay ,Lenton,,,33.95344,-95.6214,,,,9,,,,,,Incorporated (2020 Census),,,,,,,,
USA,Oklahoma,OK,,Sweet Home,,,,34.05523,-94.7683,,,,9,,,,,,Incorporated (2020 Census),,,,,,,,
USA,Oklahoma,OK,,Tatums,,,,34.47776668,-97.46514729,https://en.wikipedia.org/wiki/List_of_freedmen%27s_towns,Wikipedia,,9,,,,,,Incorporated (2020 Census),,,,,,,,
USA,Oklahoma,OK,,Bailey,,,,34.71619,-97.7981,,,,9,,,,,,,,,,,,,,
USA,Oklahoma,OK,,Homer,,,,34.78148,-96.617,,,,9,,,,,,Incorporated (2020 Census),,,,,,,,
USA,Oklahoma,OK,,Bookertree,,,,34.95508,-97.2684,,,,9,,,,,,,,,,,,,,
USA,Oklahoma,OK,,Lewisville,,,,35.1201,-95.2769,,,,9,,,,,,Incorporated (2020 Census),,,,,,,,
USA,Oklahoma,OK,,Carson ,,,,35.16593,-96.0886,,,,9,,,,,,,,,,,,,,
USA,Oklahoma,OK,,Lima,,,,35.173866,-96.593777,,,1904,2,https://www.okhistory.org/publications/enc/entry.php?entry=LI003&l=,,,,,Incorporated (2020 Census),,,,,,,,
USA,Oklahoma,OK,,Brooksville,,,,35.21113829,-96.96193344,https://en.wikipedia.org/wiki/List_of_freedmen%27s_towns,Wikipedia,,9,,,,,,,,,,,,,,
USA,Oklahoma,OK,,Vernon,,,,35.21519659,-95.925746,https://en.wikipedia.org/wiki/List_of_freedmen%27s_towns,Wikipedia,,9,,,,,,Incorporated (2020 Census),,,,,,,,
USA,Oklahoma,OK,,Earlsboro ,Lofts,,,35.26757,-96.8034,,,,9,,,,,,Incorporated (2020 Census),,,,,,,,
USA,Oklahoma,OK,,Melvin,,,,35.30749,-97.9544,,,,9,,,,,,Incorporated (2020 Census),,,,,,,,
USA,Oklahoma,OK,,Foreman,,,,35.33482,-94.6369,,,,9,,,,,,Incorporated (2020 Census),,,,,,,,
USA,Oklahoma,OK,,Welleston Colony,,,,35.34867,-98.6767,,,,9,,,,,,Incorporated (2020 Census),,,,,,,,
USA,Oklahoma,OK,,Clearview ,Lincoln,,,35.39745,-96.1909,,,,9,,,,,,,,,,,,,,
USA,Oklahoma,OK,,Chase,,,,35.46813,-97.5141,,,,9,,,,,,,,,,,,,,
USA,Oklahoma,OK,,Boley,,,,35.49008,-96.48346017,https://en.wikipedia.org/wiki/List_of_freedmen%27s_towns,Wikipedia,,9,,,,,,,,,,,,,,
USA,Oklahoma,OK,,Macedonia ,,,,35.49049,-97.6363,,,,9,,,,,,Incorporated (2020 Census),,,,,,,,
USA,Oklahoma,OK,,Grayson,,,,35.50355966,-95.87268754,https://en.wikipedia.org/wiki/List_of_freedmen%27s_towns,Wikipedia,,9,,,,,,Incorporated (2020 Census),,,,,,,,
USA,Oklahoma,OK,,Mabelle,Sontown,,,35.505233,-94.925124,,,,9,,,,,,Incorporated (2020 Census),,,,,,,,
USA,Oklahoma,OK,,Rentiesville,,,,35.52055587,-95.49535524,https://en.wikipedia.org/wiki/List_of_freedmen%27s_towns,Wikipedia,,9,,,,,,Incorporated (2020 Census),,,,,,,,
USA,Oklahoma,OK,,Rentie,,,,35.52149,-95.495,,,,9,,,,,,Incorporated (2020 Census),,,,,,,,
USA,Oklahoma,OK,,IXL,,,,35.52258,-96.3883,,,,9,,,,,,Incorporated (2020 Census),,,,,,,,
USA,Oklahoma,OK,,Wiley,,,,35.5366,-97.6455,,,,9,,,,,,Incorporated (2020 Census),,,,,,,,
USA,Oklahoma,OK,,Chilesville ,Stringtown,,,35.55202,-96.4767,,,,9,,,,,,,,,,,,,,
USA,Oklahoma,OK,,Okatha,,,,35.57649,-95.475,,,,9,,,,,,Incorporated (2020 Census),,,,,,,,
USA,Oklahoma,OK,,Summit,,,,35.66721571,-95.42082333,https://en.wikipedia.org/wiki/List_of_freedmen%27s_towns,Wikipedia,,9,,,,,,Incorporated (2020 Census),,,,,,,,
USA,Oklahoma,OK,,Lincoln,,,,35.69615,-96.8898,,,,9,,,,,,Incorporated (2020 Census),,,,,,,,
USA,Oklahoma,OK,,Canadian Colored Town,,,,35.72456,-97.9776,,,,9,,,,,,,,,,,,,,
USA,Oklahoma,OK,,"Douglas, Logan County",,,,35.72689,-97.250003,,,,9,,,,,,Incorporated (2020 Census),,,,,,,,
USA,Oklahoma,OK,,Emanuel ,,,,35.753931,-98.446118,,,,9,,,,,,Incorporated (2020 Census),,,,,,,,
USA,Oklahoma,OK,,Taft,,,,35.76028413,-95.54466869,https://en.wikipedia.org/wiki/List_of_freedmen%27s_towns,Wikipedia,,9,,,,,,Incorporated (2020 Census),,,,,,,,
USA,Oklahoma,OK,,Udora,,,,35.76171,-98.2609,,,,9,,,,,,Incorporated (2020 Census),,,,,,,,
USA,Oklahoma,OK,,Taft,,,,35.76177,-95.5464,,,,9,,,,,,Incorporated (2020 Census),,,,,,,,
USA,Oklahoma,OK,,Yahola,,,,35.7626,-95.6069,,,,9,,,,,,Incorporated (2020 Census),,,,,,,,
USA,Oklahoma,OK,,Keywest,,,,35.7698,-96.653504,,,,9,,,,,,Incorporated (2020 Census),,,,,,,,
USA,Oklahoma,OK,,Gibson Station,,,,35.80379,-95.258,,,,9,,,,,,Incorporated (2020 Census),,,,,,,,
USA,Oklahoma,OK,,Wybark,,,,35.81147,-95.3316,,,,9,,,,,,Incorporated (2020 Census),,,,,,,,
USA,Oklahoma,OK,,Clarksville,,,,35.82566,-95.5141,,,,9,,,,,,,,,,,,,,
USA,Oklahoma,OK,,Tullahassee,,,,35.838931,-95.43961,,,,9,,,,,,Incorporated (2020 Census),,,,,,,,
USA,Oklahoma,OK,,Zion City ,,,,35.863069,-97.731147,,,,9,,,,,,Incorporated (2020 Census),,,,,,,,
USA,Oklahoma,OK,,Liberty,,,,35.86398,-95.9954,,,,9,,,,,,Incorporated (2020 Census),,,,,,,,
USA,Oklahoma,OK,,Iconium,,,,35.86922,-97.1878,,,,9,,,,,,Incorporated (2020 Census),,,,,,,,
USA,Oklahoma,OK,,Porter,,,,35.87091,-95.5225,,,,9,,,,,,Incorporated (2020 Census),,,,,,,,
USA,Oklahoma,OK,,Redbird,,,,35.88519069,-95.58774523,https://en.wikipedia.org/wiki/List_of_freedmen%27s_towns,Wikipedia,,9,,,,,,Incorporated (2020 Census),,,,,,,,
USA,Oklahoma,OK,,Rentie Grove,,,,35.88731161,-95.58729462,https://en.wikipedia.org/wiki/List_of_freedmen%27s_towns,Wikipedia,,9,,,,,,Incorporated (2020 Census),,,,,,Tulsa,,
USA,Oklahoma,OK,,Langston,,,,35.94395996,-97.25672785,https://en.wikipedia.org/wiki/List_of_freedmen%27s_towns,Wikipedia,1890,2,,,,,,Incorporated (2020 Census),,,,,,,,
USA,Oklahoma,OK,,Pleasant Valley,,,,36.04807,-95.9072,,,,9,,,,,,Incorporated (2020 Census),,,,,,,,
USA,Oklahoma,OK,,Greenwood,,,,36.15942713,-95.98829182,https://en.wikipedia.org/wiki/List_of_freedmen%27s_towns,Wikipedia,,9,,,,,,Incorporated (2020 Census),,,,,,Tulsa,,
USA,Oklahoma,OK,,"Douglas, Garfield County",Oynx,,,36.260771,-97.667679,,,,9,,,,,,Incorporated (2020 Census),,,,,,,,
USA,Oklahoma,OK,,Rusk ,,,,36.27457,-98.4168,,,,9,,,,,,Incorporated (2020 Census),,,,,,,,
USA,Oklahoma,OK,,Salt Creek ,,,,36.58436,-96.7141,,,,9,,,,,,Incorporated (2020 Census),,,,,,,,
USA,Oklahoma,OK,,Old Vinita,,,,36.63879,-95.1543,,,,9,,,,,,Incorporated (2020 Census),,,,,,,,
USA,Oklahoma,OK,,Saunders ,,,,36.857635,-95.575454,,,,9,,,,,,Incorporated (2020 Census),,,,,,,,
USA,Oklahoma,OK,,Huttonville ,Nerotown,,,35.3330994,-95.6774979,,,1900s,2,https://www.thirteen.org/wnet/aalives/stories/122.html,Jospeh Hutton Sr,https://www.thirteen.org/wnet/aalives/stories/122.html,No,,Ghostown,https://www.thirteen.org/wnet/aalives/stories/122.html,,,,,,,
USA,Oklahoma,OK,,North Fork Colored,Micco,under lake Eufaula,,35.34843209,-95.60435994,https://www.lakeeufaula.com/news--travel--Is-There-A-Ghost-Town-Under-Lake-Eufaula/7265,,1850s,1,http://www.african-nativeamerican.com/6-towns.htm,Creek Tribe,http://www.african-nativeamerican.com/6-towns.htm,No,1870s,Ghostown,,,,1,http://www.african-nativeamerican.com/6-towns.htm,,https://www.okhistory.org/publications/enc/entry.php?entry=NO011,Image: https://s3.amazonaws.com/lh_lake_articles/192/7265/pic_lake_eufaula_history_50007a43061.png
USA,Oklahoma,OK,,Ferguson,,,,36.07835195,-98.40451272,,,1901,2,http://www.african-nativeamerican.com/6-towns.htm,,,No,,Ghostown,http://www.african-nativeamerican.com/6-towns.htm,,,,,,,
USA,Oklahoma,OK,,Marshall Town ,,"The town was on a spot between the Arkansas River, and the Verdigris River.",,35.82890262,-95.35500185,http://www.african-nativeamerican.com/6-towns.htm,,1870s,2,http://www.african-nativeamerican.com/6-towns.htm,Creek,http://www.african-nativeamerican.com/6-towns.htm,No,,Ghostown,,,,,,,,
USA,Oklahoma,OK,,Bluff,,,,33.92472489,-95.68212125,,,,9,,,,,,,,,,,,,,
USA,Oklahoma,OK,,Boggy Bend,Boggy Depot,,,34.32182743,-96.30930149,,,1837,9,"https://en.wikipedia.org/wiki/Boggy_Depot,_Oklahoma",Choctaw and Chickasaw,"https://en.wikipedia.org/wiki/Boggy_Depot,_Oklahoma",No,1934,Ghostown,"https://en.wikipedia.org/wiki/Boggy_Depot,_Oklahoma",,,1,"https://en.wikipedia.org/wiki/Boggy_Depot,_Oklahoma",,,
,,,,,,,,,,,,,,,,,,,,,,,,,,,
Canada,Ontario,ON,,North Buxton,,,,42.30743251,-82.22634303,https://en.wikipedia.org/wiki/List_of_freedmen%27s_towns,Wikipedia,,9,,,,,,Incorporated (2020 Census),,,,,,,,
USA,South Carolina,SC,,Daufuskie ,,,,32.11874386,-80.86560794,https://www.bbc.com/travel/article/20210830-the-chef-preserving-gullah-culture-through-storytelling,,1865,2,https://www.bbc.com/travel/article/20210830-the-chef-preserving-gullah-culture-through-storytelling,,,yes,,,,Gullah Geechee,3,2,,,,
USA,South Carolina,SC,,Mitchelville,,,,32.46189081,-80.99059381,https://en.wikipedia.org/wiki/List_of_freedmen%27s_towns,Wikipedia,,9,,,,,,Incorporated (2020 Census),,,,,,,,
USA,South Carolina,SC,,Lincolnville,,,,33.01037799,-80.15764157,https://www.lincolnvillesc.org/history-of-lincolnville,,1889,2,https://www.lincolnvillesc.org/history-of-lincolnville,"Richard Harvey Cain, Samuel J. Lee",https://www.lincolnvillesc.org/history-of-lincolnville,,,Incorporated (2020 Census),,,,,,,,
USA,South Carolina,SC,,Atlantic Beach,"""The Black Pearl""",,,33.802778,-78.716944,"https://en.wikipedia.org/wiki/Atlantic_Beach,_South_Carolina",,1930s,2,"https://en.wikipedia.org/wiki/Atlantic_Beach,_South_Carolina",,,,,,,Gullah Geechee,3,2,"https://en.wikipedia.org/wiki/Atlantic_Beach,_South_Carolina",Only Black Owned Beach in the US,"https://en.wikipedia.org/wiki/Atlantic_Beach,_South_Carolina",
USA,South Carolina,SC,,Promised Land,Promiseland,,,34.1328209,-82.23725594,https://www.usnews.com/news/best-states/south-carolina/articles/2021-02-15/promised-land-a-place-to-call-home,,1870s,2,https://www.usnews.com/news/best-states/south-carolina/articles/2021-02-15/promised-land-a-place-to-call-home,,,,,Incorporated (2020 Census),,,,,,,,
USA,Tennessee,TN,,Hortense,,,,36.14804568,-87.43344076,https://tennesseehistoriclandscape.com/2014/03/23/hortense-a-forgotten-black-community-in-dickson-county/,TN Historic Landscape,,9,,,,,,Incorporated (2020 Census),,,,,,,,
USA,Tennessee,TN,,Free Hill,,,,36.56657087,-85.49295706,https://en.wikipedia.org/wiki/List_of_freedmen%27s_towns,Wikipedia,,9,,,,,,Incorporated (2020 Census),,,,,,,,
USA,Texas,TX,,Ellis Alley,,,,29.42266213,-98.48014349,https://en.wikipedia.org/wiki/List_of_freedmen%27s_towns,Wikipedia,,9,,,,,,Incorporated (2020 Census),,,,,,San Antonio,,
USA,Texas,TX,,Kendleton,,,,29.44681468,-96.00148021,https://en.wikipedia.org/wiki/List_of_freedmen%27s_towns,Wikipedia,,9,,,,,,Incorporated (2020 Census),,,,,,,,
USA,Texas,TX,,Independence Heights,,,,29.82936163,-95.398796,https://en.wikipedia.org/wiki/List_of_freedmen%27s_towns,Wikipedia,,9,,,,,,Incorporated (2020 Census),,,,,,Houston,,
USA,Texas,TX,,Barrett Station,,,,29.87723188,-95.06143189,https://en.wikipedia.org/wiki/List_of_freedmen%27s_towns,Wikipedia,,9,,,,,,,,,,,,,,
USA,Texas,TX,,Saint Johns Colony,,,,29.97064338,-97.55904708,https://en.wikipedia.org/wiki/List_of_freedmen%27s_towns,Wikipedia,,9,,,,,,Incorporated (2020 Census),,,,,,,,
USA,Texas,TX,,Peyton,,,,30.11407807,-98.30284815,https://en.wikipedia.org/wiki/List_of_freedmen%27s_towns,Wikipedia,,9,,,,,,Incorporated (2020 Census),,,,,,,,
USA,Texas,TX,,Tamina,,,,30.17847356,-95.4409619,https://en.wikipedia.org/wiki/List_of_freedmen%27s_towns,Wikipedia,,9,,,,,,Incorporated (2020 Census),,,,,,,,
USA,Texas,TX,,Shankleville,,,,30.97225677,-93.70568531,https://en.wikipedia.org/wiki/List_of_freedmen%27s_towns,Wikipedia,,9,,,,,,Incorporated (2020 Census),,,,,,,,
USA,Texas,TX,,Pelham,,,,31.95887199,-96.80617305,https://en.wikipedia.org/wiki/List_of_freedmen%27s_towns,Wikipedia,,9,,,,,,Incorporated (2020 Census),,,,,,,,
USA,Texas,TX,,Moore Station,,,,32.18259435,-95.56778887,https://en.wikipedia.org/wiki/List_of_freedmen%27s_towns,Wikipedia,,9,,,,,,Incorporated (2020 Census),,,,,,,,
USA,Texas,TX,,Tenth Street Historic District,,,,32.75082885,-96.80558124,https://en.wikipedia.org/wiki/List_of_freedmen%27s_towns,Wikipedia,,9,,,,,,Incorporated (2020 Census),,,,,,Dallas,,
USA,Texas,TX,,Freedmen's Town Historic District,,,,32.75094616,-96.80586019,https://en.wikipedia.org/wiki/List_of_freedmen%27s_towns,Wikipedia,,9,,,,,,Incorporated (2020 Census),,,,,,"Houston, 4th ward",,
USA,Texas,TX,,Deep Ellum,,,,32.78191888,-96.78195755,https://en.wikipedia.org/wiki/List_of_freedmen%27s_towns,Wikipedia,,9,,,,,,,,,,,,Dallas,,
USA,Texas,TX,,Mosier Valley,,,,32.81441656,-97.12428774,https://en.wikipedia.org/wiki/List_of_freedmen%27s_towns,Wikipedia,,9,,,,,,Incorporated (2020 Census),,,,,,,,
USA,Texas,TX,,Elm Thicket,,,,32.84123015,-96.82738015,https://en.wikipedia.org/wiki/List_of_freedmen%27s_towns,Wikipedia,,9,,,,,,Incorporated (2020 Census),,,,,,Dallas,,
USA,Texas,TX,,Little Egypt,,,,32.88236715,-96.71638774,https://en.wikipedia.org/wiki/List_of_freedmen%27s_towns,Wikipedia,,9,,,,,,Incorporated (2020 Census),,,,,,,,
USA,Texas,TX,,Douglass Community,,,,33.00753427,-96.70235917,https://en.wikipedia.org/wiki/List_of_freedmen%27s_towns,Wikipedia,,9,,,,,,Incorporated (2020 Census),,,,,,Plano ,,
USA,Texas,TX,,Sand Branch,Sandbranch,,,32.63650309,-96.61580005,,,1878,2,https://www.wfaa.com/article/news/local/sandbranch-church-helps-neighbors-who-dont-have-running-water/287-cea9b109-88ac-46de-8bd2-3c1f96e4ad13,,,,,Unicorporated,,,,,,,,
USA,Texas,TX,,Quakertown,,,,33.22104512,-97.12982781,https://en.wikipedia.org/wiki/List_of_freedmen%27s_towns,Wikipedia,,9,,,,,,Incorporated (2020 Census),,,,,,,,
USA ,Virginia,VA,,Truxton ,,Located in Portsmouth VA,,36.81504925,-76.32746079,https://en.wikipedia.org/wiki/Truxtun_Historic_District,,1918,2,,,,,,Incorporated (2020 Census),,,,,,,,
USA,Virginia,VA,,Hobson Settlement,,In Suffolk ,,36.90000783,-76.50901654,https://www.dailypress.com/history/dp-nws-black-watermen-20180130-story.html,,1865,2,https://www.dailypress.com/history/dp-nws-black-watermen-20180130-story.html,,,,,Incorporated (2020 Census),,Chesapeake Bay Watermen,1,0,https://www.dailypress.com/history/dp-nws-black-watermen-20180130-story.html,,,
USA,Virginia,VA,,Cary's Chapel Road,,in York County near Poqouson,,37.12229558,-76.40985392,https://www.dailypress.com/history/dp-nws-black-watermen-20180130-story.html,,1600s,1,https://www.dailypress.com/history/dp-nws-black-watermen-20180130-story.html,,,Yes,,,,Chesapeake Bay Watermen,1,0,https://www.dailypress.com/history/dp-nws-black-watermen-20180130-story.html,,,
USA,Virginia,VA,,Pocahontas Island,,,,37.25953363,-77.36585554,https://en.wikipedia.org/wiki/List_of_freedmen%27s_towns,Wikipedia,,9,,,,,,Incorporated (2020 Census),,,,,,,,
USA,Virginia,VA,,Middlesex County,,extact location unk,,37.6028842,-76.54489784,https://www.dailypress.com/history/dp-nws-black-watermen-20180130-story.html,,,9,,,,,,Incorporated (2020 Census),,Chesapeake Bay Watermen,1,0,https://www.dailypress.com/history/dp-nws-black-watermen-20180130-story.html,,,
USA,Virginia,VA,,Freedmen's Village,,,,38.8677741,-77.07366976,https://en.wikipedia.org/wiki/List_of_freedmen%27s_towns,Wikipedia,,9,,,,No,,Incorporated (2020 Census),,,,,,Arlington National Cemetery,,
USA,Virginia ,VA,,Titustown,,"Neighborhood in Norfolk, VA ",,36.91685488,-76.29411199,https://www.niche.com/places-to-live/n/titustown-norfolk-va/,,1911,2,https://www.pilotonline.com/history/article_ebd685ca-9b9f-5de1-8216-833c71c2bfde.html,AT Stroud,https://www.norfolk.gov/DocumentCenter/View/881/Norfolk-1923-Annexation-?bidId=,,,Incorporated (2020 Census),,,,,,,,St. 
USA,Virginia ,VA,,Rushmere,,,,37.0634306,-76.67704087,https://www.dailypress.com/history/dp-nws-black-watermen-20180130-story.html,,1600s,1,https://www.dailypress.com/history/dp-nws-black-watermen-20180130-story.html,,,Yes,,Incorporated (2020 Census),,Chesapeake Bay Watermen,1,0,https://www.dailypress.com/history/dp-nws-black-watermen-20180130-story.html,,,
USA,Washington,WA,,Centralia,Centerville,,,46.72288708,-122.967092,https://www.soulofamerica.com/black-towns/washington/,Soul Of America,1875,2,,,,,,,,,,,,,,near Spokane
USA,Washington,WA,,Bush Prairie,Turnwater,,,46.9939696,-122.9237939,https://www.soulofamerica.com/black-towns/washington/,Soul Of America,1845,1,,,,,,,,,,,,,,
USA,Washington,WA,,Deer Lake,Deer Lake Park,,,48.12132673,-117.5993728,https://www.blackpast.org/african-american-history/deer-lake-park/,Blackpast.org,,9,,,,,,,,,,,,,,
USA,West Virginia,WV,,Tinkersville,Malden ,,,38.29986458,-81.55797029,,,1865,2,,,,,,Incorporated (2020 Census),,,,,,,,
USA,West Virginia,WV,,Institute,,,,38.38459797,-81.7674765,https://www.soulofamerica.com/black-towns/west-virginia/,Soul Of America,,9,,,,,,Incorporated (2020 Census),,,,,,,,"e African Zion Baptist Church, became the first black church completely owned and controlled by African Americans in West Virginia."
USA,Wisconsin,WI,,Pleasant Ridge,,,,43.0546538,-90.07246978,https://grantcountyhistory.org/pleasant-ridge-a-refuge-for-former-slaves/,Grant County Historical Society,1848,1,,,,,,Incorporated (2020 Census),,,,,,,,Columbus Township
USA,Wisconsin,WI,,Cheyenne Valley,,,,43.6862518,-90.56477229,https://www.rvschools.org/faculty/jhollenberger/history/settlers/page1-5.htm,RVS Schools,1850s,1,,,,,,,,,,,,,,
USA,Wisconsin,WI,,Chilton,,,,44.02935561,-88.16296224,https://www.soulofamerica.com/black-towns/wisconsin/,Soul of America,1844,1,,,,,,,,,,,,,,
,,NJ,,Gouldtown,,,,39.41277799,-75.18787107,,Enclcyopedia of African American Culture and History ,1675,1,https://snjtoday.com/gouldtown-a-cumberland-county-locale-rooted-in-afro-indian-history-genealogy/,,,,,Unincorporated,,,,,,,,
,,NC,,Method,,Current day Raleigh,,35.795,-78.693,,Enclcyopedia of African American Culture and History ,1872,2,https://rhdc.org/sites/default/files/Method%20Context%20Edited.pdf,,,,,,,,,,,,,
,,,,,,,,,,,,,,,,,,,,,,,,,,,
,,,,,,,,,,,,,,,,,,,,,,,,,,,
,,OH,,Lincoln Heights,,,,39.244722,-84.455556,,Enclcyopedia of African American Culture and History ,1920,2,"https://en.wikipedia.org/wiki/Lincoln_Heights,_Ohio",,,,,,,,,,,,,
,,,,,,,,,,,,,,,,,,,,,,,,,,,
,,,,,,,,,,,,,,,,,,,,,,,,,,,
,,,,,,,,,,,,,,,,,,,,,,,,,,,
,,MD,,Lincoln City,,Current day Rockville,,39.09441037,-77.14898546,,Enclcyopedia of African American Culture and History ,1890s,2,https://www.montgomerycountymd.gov/library/projects/lincoln-park-history/lincoln-park-history-project.html,,,,,,,,,,,,,
,,NJ,,Springtown,,,,39.414167,-75.331667,,Enclcyopedia of African American Culture and History ,1786,1,"https://en.wikipedia.org/wiki/Springtown,_New_Jersey",,,,,,,,,,,,,
,,NC,,Oberlin Village,,Current day Raleigh,,35.79433897,-78.6641293,,Enclcyopedia of African American Culture and History ,1866,2,https://northcarolinahistory.org/encyclopedia/oberlin-village/,James E. Harris,https://northcarolinahistory.org/encyclopedia/oberlin-village/,,,,,,,,,,,
